8
s7u2j4,Shepard,Howard,320-4473 Suspendisse Ave,Richmond,Virginia,30617,US,howard-shepard@aol.net,shepard-howard5444@outlook.ca
l7i1r1,Dudley,Ethan,929-8499 Amet St.,Davenport,Iowa,35617,US,d_ethan@protonmail.couk,ethandudley@protonmail.couk
y3c0c1,Briggs,Kevin,447-540 Sed Rd.,Kaneohe,HI,33234,US,kevinbriggs@outlook.org,kevin-briggs@protonmail.edu
t8z5z2,Britt,Wesley,292-4982 Mauris Rd.,Columbia,MD,28948,US,b-wesley3211@icloud.com,britt.wesley@yahoo.ca
s1w6y1,Hobbs,Xander,4606 Euismod Road,Seattle,WA,27517,US,xanderhobbs1032@protonmail.com,h_xander4708@hotmail.ca
j8b9m0,Beasley,Chaney,"P.O. Box 107, 7976 Diam Av.",Idaho Falls,Idaho,72270,US,beasley-chaney6903@yahoo.edu,b.chaney@google.net
l1x1g8,Raymond,Claire,547-6363 Nec Street,Grand Island,Nebraska,97716,US,rclaire3144@aol.com,claireraymond@aol.couk
v5x1l8,Casey,Cherokee,Ap #682-9440 Sed Road,Olathe,KS,31557,US,c.casey@yahoo.edu,cherokee-casey9069@google.org
